id,seq
seqTGACCCCTCGGGGTGGGCTCGC,TGACCCCTCGGGGTGGGCTCGCGGGGGGGCGGTGGAACTTCGAAGACGGTGTCCTCCTTTCCAG
seqGTGAGGCGGGGATGGGAGTGGT,GTGAGGCGGGGATGGGAGTGGTTATGGTGGTGAGTGCTGAGGGCAGAGCCAGGGATACTCTGCTATGACTGTGACCCATGCTCTTCTCCCCCAG
seqCTGCATGGGCAAACAGGGTTTG,CTGCATGGGCAAACAGGGTTTGAGGAAGGTAAGGAGGACGCCCTCTTCCCCCACTTCCTCCTGCCCCAG
seqGTAGGTGCTTGGGAAAGTATTG,GTAGGTGCTTGGGAAAGTATTGGGCGTAAGCCCTGGCCCTCCAACCCCTGCCATCCCCCTGGCTGCCCTCCCACCCACACCTGTGCACCAG
seqGTGAGTGAGGGCGGCAGGGGGA,GTGAGTGAGGGCGGCAGGGGGACTGTTCGAGCCTCTGTGTCCCTAG
seqGGCTGGGGGCGCGGCGGGGGGC,GGCTGGGGGCGCGGCGGGGGGCCGGGGCGGCGTGAAAGCTTCCTCTGACTTCATCTGCCTGCCTCACCAG
seqCTGAGGAGGGGACAGAAGGGAG,CTGAGGAGGGGACAGAAGGGAGTAGCCTGTGGAGGGCGCTCTTGACATCCTCCTCCAG
seqAGATCACAGGAAAGAGGACTGG,AGATCACAGGAAAGAGGACTGGTTTGTGTTCTGCTTCACCAG
seqAGGGCCAGGGTGGGGGGGGGGG,AGGGCCAGGGTGGGGGGGGGGGCAGGGCTTAGTGGGTGTGGGAGACATGTGTGTCTGTTTTTGTCCACACCAGCCCAG
seqGTGAGTGGGGGCTCCCCGGGGG,GTGAGTGGGGGCTCCCCGGGGGGGGGTCCAGTGGCGGTGGATCAGTGTGTGTCTGTCAGCTATTTCTTCCTGGGGTCCCTGGCCTGGCCCGCAG
seqCAGAGTGGGTCCAGACATGAGC,CAGAGTGGGTCCAGACATGAGCTGGTGCGCGTCCCCTGTGATGCCTCTCCAG
seqTGAACCCAGGGATGAAAGAAGG,TGAACCCAGGGATGAAAGAAGGGTGGATGTGGCCTTGTTCCCTGCAAACAGCATGGGCT
seqTCAGCTGCTGGGCACTGCTCTC,TCAGCTGCTGGGCACTGCTCTCAGTCCCTCAACTCCCAG
seqGTAAGTGGGGACCTGAGAAAAG,GTAAGTGGGGACCTGAGAAAAGGACCATAGGGTAAGCAGCAGCC
seqTGGGCCTGCTGAGAATCAAGGA,TGGGCCTGCTGAGAATCAAGGAAAGCCAGACTGTGCACAGATCTGGAGTCTCTTGTTTGCTTTGGTCCACTGTAAGTGTTCTGTTGAACACAG
seqGCAGACCTGGCATGGGACTGAC,GCAGACCTGGCATGGGACTGACAGTCATCATCTCTTTCTTTGTTGTCCCTTGCATTTCCTCTGTTTCTCTCATCACTGTAG
seqCAGTGGGGCAAGTGCTGGGTGT,CAGTGGGGCAAGTGCTGGGTGTAGGGCCTGTTGAGGAGGGAGTGGCTGTGCTCTGTCACAGGAGTTCTCTCACCTGAGATCTCTTGCCTCTTTCCCCTCACTTAG
seqTGTGTGAGGAGGGGTGTAATGC,TGTGTGAGGAGGGGTGTAATGCTGAACTTTAACCGTGTCCCTTCTCCCACCCCTTCCCTCACCTCCCAG
seqAGGCTATAGGGGATACATGAAG,AGGCTATAGGGGATACATGAAGCTGAGAAGTTTTCTATGTCTGACGCCTGGTGACTCTTCTCTGTGCCCAGCATCTGACCCCCCCAGGGGTTCCTGTC
seqGGGGGGTGGGAGAGAAGACAGG,GGGGGGTGGGAGAGAAGACAGGGGGCCTGATGAATGTCCACCTCACTTCCCCCAGGTTCCTGAACTCTCTTTTGGTGC
seqGAGGGCTGCGGTCTTCTGGTGC,GAGGGCTGCGGTCTTCTGGTGCTTGACCCCTGCGTCCCAGTATATG
seqATGTGATGGGGGTAGTTGTTGG,ATGTGATGGGGGTAGTTGTTGGAGGAGGATGTTGTGGAACGTTCCCTGCTCTTCTCTCATAAGCAGCTTCCTTGTGCCTACTTCAG
seqCTGGCCAGGGTGGGGGCTGGGC,CTGGCCAGGGTGGGGGCTGGGCTGAGAGTATGCAGTGCCTCACATACTGGCCCCCATCCCTAG
seqAGCGGTGTGGGAGTGGGGCCGG,AGCGGTGTGGGAGTGGGGCCGGGGCTGGAGCCGGCTCTGTCGCCCTGACTCCTCCCCAG
seqGGGAGGAATTTGAAGGGGACTT,GGGAGGAATTTGAAGGGGACTTGGGGTATGCCAACACTCATCTCTGCCTCCTCTCCTCCAG
seqGAGGGGAGAAGCGGTAGGTTAG,GAGGGGAGAAGCGGTAGGTTAGGGAGCCAGCACTGGTGGGATGTCATCTTTTCCTGCAG
seqCCGGAGGCTAGGGCAGCAGGGA,CCGGAGGCTAGGGCAGCAGGGAGGAGAGCCAGCTGCACCTTGTCTGCCTGTCCCAG
seqGATGGGAGGGTTGGGGTCTGGG,GATGGGAGGGTTGGGGTCTGGGGCAGCAGCTGAGAGTCAGGCCTGCGCCTGTCTCCTCCCCAG
seqGTGAGTGGGTGGGGTGGGGCAT,GTGAGTGGGTGGGGTGGGGCATCTCTGGCGCAGACACATCCTTCCGCTGCCCCTG
