id,seq,ismirtron
seq00001,GTGAGTGCAGGGTGGAGGTGGCCCTGGGCCCTGGTCCATCTCCTCCCTCCCGCAG,1
seq00002,CCCCTGGGCTGGACCCTGGGGGCCTTGAGTCTGCCCCCGTGGCATGCCCCTCCCTGTCTCTTTCCCC,1
seq00003,ACTGGCAAGAGTGTAGTTGTTACACTGATTGACCATTTCTCAGAAAGTAAACTGA,0
seq00004,GTTTGCATGTGACGAGAGTCAGCTGAAGGCCCTGACTTCCTGCCTGCCCCAG,1
seq00005,GTGGGAGAGCAGGGGCCGGGTCAGCCTGGGCTGATGGGCCTGGAGGCACCCGCAGGCTGAGGGCACCTGCCTTCCCTGCGGCCCCCCGCGCAG,1
seq00006,GTGAGGAGAGTTGATGGACCAGGGGGGCTGCGGACATGCCCTCCCTGGTGCCATCCAGCTGGGTCACC,0
seq00007,GTGTGTGAGGAGCAGCGCGGGGCCGGGTTAAGTCCGGCTTGACTGTTGTGGCCGGACGGCTCCCTCCTGGCAGCGCCGTGGGTGGCCCTGAACCTCCGGGCCTCCCCCTGTCCGCCGCCAG,1
seq00008,GTGTGGGCCCAGGGCGTGACTCGCCTGGGGTGGGGCTGCTCTGTGCCCACTGAGCCACTTGTCCATCCCTGTCCATGCTGCAG,1
seq00009,GCTTTGCAGGGGGGGGAGAAGGCTCTGCCCTGCTGGCGGCGGAGAGCCAGGCTGGCTGCCCCTTCCCAAACGCCGCGACTCACTCTTCCCAG,1
seq00010,TGGGAAGGGGGGGGGAGACCAGATGTTGAGACTGTGTGGTGTTGGTGTGCAATTTCATTTTGTTTTCCCTGGGCTTGGTCATTGGGGACATAGCAGTTCATACAGAATCAAACAGGTAGTTCTTCCTCTCTGTCCAG,1
seq00011,TGGGCTGGGGCAGTAGGAGGAGGCTGCAGGCAGGAGGGGTGGGAGTGGCCGCGGAGGGCCAGGGCCACTTGCCCTCACGGCTTTCTGGGCGCAGGGACACCCAAGCGGCCAGGGCAGGCCAGAGAGGCAGCGCTGTCACAGGGACCTGACGGCCACTGCCTGTGACCTTTCCCCACCCCAG,0
seq00012,CTGAGTCCAGGGGAGGGTGCCAGAGAATCATGCAGCCCTACCCCTTGACATAG,1
seq00013,GGTGTATAGGGCCCAGGGCAGGTGGTACTCATGGTGAGCCGCCCGTGACCCCGTCCCGCACCGTCTCCCTGCACAG,1
seq00014,CTTTCTAGAGCAGTTTATGCTTTGTTGTTAACGATCCAGCTGCTTAGCATCTGACCTTCACCAGTGGTCA,0
seq00015,GAGGGTGGGGGGGTGGCCGGGCACAGCGAGCCTGGCCCTGACCGTCCTGCCGCATCCCCCCAG,1
seq00016,CAGGCAGAGACAGCTGGATGCAGGCAGCTTGGGTGGGCTTGTCTGGTGCTACATGGCTGGTGGGGGGTGCCACGGGCCCCACCCCGCCTGCCCCCAGGTGC,0
seq00017,AGTGGGGATGGTGCCCGGGGAGTGCAGTGTGTGTGACCTTCCAGACCTGGGCCTGCCCTTCTATCTCCTGCAG,1
seq00018,GTTGCGGGAGAGAGGAGCAGAGAGCGCAAGGGATAGCAGCGTCTCCTGTCCTGATGCACGCCGCTCCCCCCTGCCCAG,1
seq00019,GTGCCTGAGAGAGGTGCACAGCTTTGGGTGTATCCCTCGCAGCCAGTGGA,0
seq00020,GGCGGTAGACAGAGGGAGGCAGGTGGCGGAACTGGAGAGGTAGTGGCTCTGCATGGGAGAGGCCTAGGTCCTGGGAATGCAGAATGTGCAGTTGCAGCAAGCATTCTCACAGTGGCTGATTTCACAAGCATCCTTTTCCACTTGCTGACATTGCTCCCAG,0
seq00021,GGGAGTTGATTGGTCCAATTTGGGAGGTCGAGCTGGCAGTGTCGTGGAGTGGGCTGCTCTGGCTTCACCTCACCGCTCCTACCTGCAG,1
seq00022,GAGGCTGAGTAGGGGGGCGGGGGTAGGCTGCCCGGCTGGGGCAGAGTCCCTGGCCGGACATTGGCGGGCGCCCCTGCTGGCCCCGCAG,1
seq00023,CCCTGGCAGCTGCCCGGGTCCGGGCTGCGCTGGGCCTCAG,1
seq00024,GCATGTGAGGGCGCGGCAGGGTGACTGTTCGGG,0
